{
  "symbols": [
    {
      "id": "symbol-agrippa-venus-seal",
      "work_id": "work-agrippa-1533-de-occulta",
      "label": "Seal of Venus",
      "type": "planetary_seal",
      "svg": "shared/corpus/symbols/symbol-agrippa-venus-seal.svg",
      "corresponds": {
        "sephira": "Netzach",
        "planet": "Venus",
        "tarot": ["The Empress", "7 of Wands"]
      }
    },
    {
      "id": "symbol-agrippa-mercury-seal",
      "work_id": "work-agrippa-1533-de-occulta",
      "label": "Seal of Mercury",
      "type": "planetary_seal",
      "svg": "shared/corpus/symbols/symbol-agrippa-mercury-seal.svg",
      "corresponds": {
        "sephira": "Hod",
        "planet": "Mercury",
        "tarot": ["The Magician", "8 of Wands"]
      }
    },
    {
      "id": "symbol-dee-monas",
      "work_id": "work-dee-1564-monas",
      "label": "Monas Hieroglyphica",
      "type": "hieroglyph",
      "svg": "shared/corpus/symbols/symbol-dee-monas.svg",
      "corresponds": {
        "sephira": "Tiphareth",
        "planet": "Sun",
        "tarot": ["The Sun"]
      }
    },
    {
      "id": "symbol-sefer-netzach-glyph",
      "work_id": "work-sefer-yetzirah-gra",
      "label": "Netzach Glyph",
      "type": "sephira_mark",
      "svg": "shared/corpus/symbols/symbol-sefer-netzach-glyph.svg",
      "corresponds": {
        "sephira": "Netzach",
        "planet": "Venus",
        "tarot": ["7 of Cups"]
      }
    },
    {
      "id": "symbol-sefer-hod-glyph",
      "work_id": "work-sefer-yetzirah-gra",
      "label": "Hod Glyph",
      "type": "sephira_mark",
      "svg": "shared/corpus/symbols/symbol-sefer-hod-glyph.svg",
      "corresponds": {
        "sephira": "Hod",
        "planet": "Mercury",
        "tarot": ["8 of Swords"]
      }
    },
    {
      "id": "symbol-goetia-decarabia",
      "work_id": "work-agrippa-1533-de-occulta",
      "label": "Sigil of Decarabia",
      "type": "goetia",
      "svg": "shared/corpus/symbols/symbol-goetia-decarabia.svg",
      "corresponds": {
        "sephira": "Netzach",
        "demon": "Decarabia"
      }
    },
    {
      "id": "symbol-goetia-gremory",
      "work_id": "work-agrippa-1533-de-occulta",
      "label": "Sigil of Gremory",
      "type": "goetia",
      "svg": "shared/corpus/symbols/symbol-goetia-gremory.svg",
      "corresponds": {
        "sephira": "Netzach",
        "demon": "Gremory"
      }
    },
    {
      "id": "symbol-shem-haaiah",
      "work_id": "work-sefer-yetzirah-gra",
      "label": "Angel Haaiah",
      "type": "angelic",
      "svg": "shared/corpus/symbols/symbol-shem-haaiah.svg",
      "corresponds": {
        "sephira": "Netzach",
        "angel": "Haaiah"
      }
    },
    {
      "id": "symbol-tarot-empress",
      "work_id": "work-agrippa-1533-de-occulta",
      "label": "Tarot Empress",
      "type": "tarot_key",
      "svg": "shared/corpus/symbols/symbol-tarot-empress.svg",
      "corresponds": {
        "sephira": "Netzach",
        "tarot": ["The Empress"],
        "path": "Daleth"
      }
    },
    {
      "id": "symbol-tarot-star",
      "work_id": "work-dee-1564-monas",
      "label": "Tarot Star",
      "type": "tarot_key",
      "svg": "shared/corpus/symbols/symbol-tarot-star.svg",
      "corresponds": {
        "sephira": "Netzach",
        "tarot": ["The Star"],
        "path": "Tzaddi"
      }
    }
  ]
}
