{
  "node": "C144N-000",
  "title": "Fool – Alpha",
  "excerpts": [
    {
      "work_id": "work-carrington-down-below",
      "quote": "Every trauma is a gate; I crossed with the animals as my guides.",
      "loc": "ch. 2",
      "license": "Citation only"
    },
    {
      "work_id": "work-agrippa-1533-de-occulta",
      "quote": "The magician is conversant with hidden forms and latent seeds of nature.",
      "loc": "Book I",
      "license": "Public Domain"
    }
  ],
  "plates": [
    {
      "symbol_id": "symbol-dee-monas",
      "caption": "Monas Hieroglyphica, Dee",
      "mode_hint": "Art/Study"
    },
    {
      "symbol_id": "symbol-agrippa-venus-seal",
      "caption": "Seal of Venus from Agrippa",
      "mode_hint": "Ritual"
    }
  ]
}
